{
  "NO-REL": 0.23382130237253912,
  "effect": 3.2948429164196797,
  "mechanism": 4.214101592115239,
  "advise": 6.729297820823245,
  "int": 29.56595744680851
}