{
  "NO-REL": 0.3691207404291123,
  "effect": 1.0401896858328394,
  "mechanism": 1.330401819560273,
  "advise": 2.124455205811138,
  "int": 9.33404255319149
}